[
    {
        "id": 1,
        "nev": "Salatak",
        "tipus": "ea",
        "evfolyam": 1,
        "nap_idopont": "szerda_10:00",
        "helyszin": "A epulet 101",
        "oktato": {
            "nev": "Kovacs Antal",
            "email": "koan@tanfolyam.com"
        },
        "hallgatok": [
            {
                "id": 1,
                "nev": "Kiss Benedek",
                "email": "kissbenedek@hallgato.com"
            },
            {
                "id": 2,
                "nev": "Nagy Andrea",
                "email": "nagyandrea@hallgato.com"
            }
        ],
        "max_letszam": 25
    },
    {
        "id": 2,
        "nev": "Salatak II",
        "tipus": "ea",
        "evfolyam": 2,
        "nap_idopont": "csutortok_12:00",
        "helyszin": "A epulet 102",
        "oktato": {
            "nev": "Kovacs Antal",
            "email": "koan@tanfolyam.com"
        },
        "hallgatok": [
            {
                "id": 3,
                "nev": "Nagy Benedek",
                "email": "nagybenedek@hallgato.com"
            },
            {
                "id": 4,
                "nev": "Kiss Andrea",
                "email": "kissandrea@hallgato.com"
            }
        ],
        "max_letszam": 25
    },
    {
        "id": 3,
        "nev": "Salatak",
        "tipus": "gy",
        "evfolyam": 1,
        "nap_idopont": "szerda_12:00",
        "helyszin": "B epulet 101",
        "oktato": {
            "nev": "ifj. Kovacs Antal",
            "email": "koanjr@tanfolyam.com"
        },
        "hallgatok": [
            {
                "id": 1,
                "nev": "Kiss Benedek",
                "email": "kissbenedek@hallgato.com"
            }
        ],
        "max_letszam": 10
    },
    {
        "id": 4,
        "nev": "Salatak",
        "tipus": "gy",
        "evfolyam": 1,
        "nap_idopont": "szerda_12:00",
        "helyszin": "B epulet 102",
        "oktato": {
            "nev": "ifj. Kovacs Antal",
            "email": "koanjr@tanfolyam.com"
        },
        "hallgatok": [
            {
                "id": 2,
                "nev": "Nagy Andrea",
                "email": "nagyandrea@hallgato.com"
            }
        ],
        "max_letszam": 10
    }
]