[
    {
        "id": 1,
        "nev": "string",
        "tipus": "string",
        "evfolyam": 0,
        "nap_idopont": "string",
        "helyszin": "string",
        "oktato": {
            "nev": "string",
            "email": "string"
        },
        "hallgatok": [
            {
                "id": 0,
                "nev": "string",
                "email": "string"
            }
        ],
        "max_letszam": 1
    },
    {
        "id": 2,
        "nev": "Asd",
        "tipus": "ea",
        "evfolyam": 1,
        "nap_idopont": "kedd_08:00",
        "helyszin": "helo",
        "oktato": {
            "nev": "Artur",
            "email": "artur@gmail.com"
        },
        "hallgatok": [
            {
                "id": 3,
                "nev": "Sd",
                "email": "sd@gmail.com"
            }
        ],
        "max_letszam": 10
    },
    {
        "id": 3,
        "nev": "Teszta",
        "tipus": "gy",
        "evfolyam": 2,
        "nap_idopont": "csutortok_12:00",
        "helyszin": "E - -1.75",
        "oktato": {
            "nev": "Kovacs Benedek",
            "email": "kovi_beni@gmail.com"
        },
        "hallgatok": [
            {
                "id": 4,
                "nev": "Mate",
                "email": "mate@gmail.com"
            },
            {
                "id": 5,
                "nev": "Andras",
                "email": "andras@email.com"
            },
            {
                "id": 6,
                "nev": "Anetta",
                "email": "anetta@citromail.com"
            }
        ],
        "max_letszam": 15
    },
    {
        "id": 4,
        "nev": "ASding",
        "tipus": "ea",
        "evfolyam": 12,
        "nap_idopont": "string",
        "helyszin": "string",
        "oktato": {
            "nev": "string",
            "email": "string"
        },
        "hallgatok": [
            {
                "id": 7,
                "nev": "Balazs",
                "email": "string@gmail.com"
            }
        ],
        "max_letszam": 10
    },
    {
        "id": 5,
        "nev": "string",
        "tipus": "string",
        "evfolyam": 0,
        "nap_idopont": "string",
        "helyszin": "string",
        "oktato": {
            "nev": "string",
            "email": "string"
        },
        "hallgatok": [],
        "max_letszam": -1
    }
]