{
    "Users": [
        {
            "id": 1,
            "name": "Ban\u00e1nos Joe",
            "email": "bjoe@redneckcity.com"
        },
        {
            "id": 2,
            "name": "Alm\u00e1s Anna",
            "email": "anna@fruitworld.com"
        },
        {
            "id": 3,
            "name": "K\u00f6rt\u00e9s K\u00e1roly",
            "email": "karoly@pearparadise.com"
        },
        {
            "id": 4,
            "name": "string",
            "email": "user@example.com"
        }
    ],
    "Baskets": [
        {
            "id": 101,
            "user_id": 1,
            "items": [
                {
                    "item_id": 201,
                    "name": "Alma",
                    "brand": "Jonat\u00e1n",
                    "price": 9.99,
                    "quantity": 2
                },
                {
                    "item_id": 202,
                    "name": "K\u00f6rte",
                    "brand": "Vilmos",
                    "price": 12.49,
                    "quantity": 1
                }
            ]
        },
        {
            "id": 102,
            "user_id": 2,
            "items": [
                {
                    "item_id": 203,
                    "name": "Ban\u00e1n",
                    "brand": "Chiquita",
                    "price": 5.99,
                    "quantity": 6
                },
                {
                    "item_id": 204,
                    "name": "Narancs",
                    "brand": "Valencia",
                    "price": 8.49,
                    "quantity": 3
                }
            ]
        },
        {
            "id": 103,
            "user_id": 3,
            "items": []
        },
        {
            "id": 104,
            "user_id": 4,
            "items": [
                {
                    "item_id": 1,
                    "name": "dinnye",
                    "brand": "best fruit",
                    "price": 50.0,
                    "quantity": 3
                }
            ]
        }
    ]
}