[
    {
        "id": 1,
        "nev": "Salatak",
        "tipus": "ea",
        "evfolyam": 1,
        "nap_idopont": "szerda_10:00",
        "helyszin": "A epulet 101",
        "oktato": {
            "nev": "Kovacs Antal",
            "email": "koan@tanfolyam.com"
        },
        "hallgatok": [
            {
                "id": 1,
                "nev": "Kiss Benedek",
                "email": "kissbenedek@hallgato.com"
            },
            {
                "id": 2,
                "nev": "Nagy Andrea",
                "email": "nagyandrea@hallgato.com"
            }
        ],
        "max_letszam": 25
    },
    {
        "id": 2,
        "nev": "Kaposztak",
        "tipus": "ea",
        "evfolyam": 1,
        "nap_idopont": "szerda_12:00",
        "helyszin": "A epulet 101",
        "oktato": {
            "nev": "Rongyos Tivadar",
            "email": "roti@tanfolyam.com"
        },
        "hallgatok": [
            {
                "id": 1,
                "nev": "Kiss Benedek",
                "email": "kissbenedek@hallgato.com"
            },
            {
                "id": 2,
                "nev": "Nagy Andrea",
                "email": "nagyandrea@hallgato.com"
            }
        ],
        "max_letszam": 25
    },
    {
        "id": 10,
        "nev": "Almak",
        "tipus": "string",
        "evfolyam": 0,
        "nap_idopont": "string",
        "helyszin": "string",
        "oktato": {
            "nev": "string",
            "email": "string"
        },
        "hallgatok": [
            {
                "id": 0,
                "nev": "string",
                "email": "string"
            }
        ],
        "max_letszam": 0
    },
    {
        "id": 11,
        "nev": "Kortek",
        "tipus": "ea",
        "evfolyam": 2,
        "nap_idopont": "szerda_10:00",
        "helyszin": "nagyeloado",
        "oktato": {
            "nev": "Csenevesz Jani",
            "email": "csj@oktato.com"
        },
        "hallgatok": [
            {
                "id": 1001,
                "nev": "Lali",
                "email": "envagyoklali@hallgato.com"
            },
            {
                "id": 1002,
                "nev": "Fec\u00f3",
                "email": "fecoanevem@hallgato.com"
            }
        ],
        "max_letszam": 100
    }
]