[
    {
        "id": 1,
        "nev": "Salatak",
        "tipus": "ea",
        "evfolyam": 1,
        "nap_idopont": "szerda_10:00",
        "helyszin": "A epulet 101",
        "oktato": {
            "nev": "Kovacs Antal",
            "email": "koan@tanfolyam.com"
        },
        "hallgatok": [
            {
                "id": 1,
                "nev": "Kiss Benedek",
                "email": "kissbenedek@hallgato.com"
            },
            {
                "id": 2,
                "nev": "Nagy Andrea",
                "email": "nagyandrea@hallgato.com"
            },
            {
                "id": 3,
                "nev": "Szabo Lilla",
                "email": "szabolilla@hallgato.com"
            },
            {
                "id": 4,
                "nev": "Farkas Peter",
                "email": "farkaspeter@hallgato.com"
            },
            {
                "id": 5,
                "nev": "Toth Eszter",
                "email": "totheszter@hallgato.com"
            },
            {
                "id": 6,
                "nev": "Varga Zoltan",
                "email": "vargazoltan@hallgato.com"
            },
            {
                "id": 7,
                "nev": "Molnar Anna",
                "email": "molnaranna@hallgato.com"
            },
            {
                "id": 8,
                "nev": "Barta Gabor",
                "email": "bartagabor@hallgato.com"
            },
            {
                "id": 9,
                "nev": "Kovacs Laura",
                "email": "kovacslaura@hallgato.com"
            },
            {
                "id": 10,
                "nev": "Hajnal Istvan",
                "email": "hajnalistvan@hallgato.com"
            }
        ],
        "max_letszam": 25
    },
    {
        "id": 2,
        "nev": "Husok",
        "tipus": "gy",
        "evfolyam": 2,
        "nap_idopont": "csutortok_11:00",
        "helyszin": "B epulet 202",
        "oktato": {
            "nev": "Szabo Jozsef",
            "email": "szabojozsef@tanfolyam.com"
        },
        "hallgatok": [
            {
                "id": 11,
                "nev": "Sipos Levente",
                "email": "siposlevente@hallgato.com"
            },
            {
                "id": 12,
                "nev": "Kovacs Anna",
                "email": "kovacsanna@hallgato.com"
            },
            {
                "id": 13,
                "nev": "Balogh David",
                "email": "baloghdavid@hallgato.com"
            },
            {
                "id": 14,
                "nev": "Pinter Noemi",
                "email": "pinternoemi@hallgato.com"
            },
            {
                "id": 15,
                "nev": "Benedek Nora",
                "email": "benedeknora@hallgato.com"
            },
            {
                "id": 1,
                "nev": "Kiss Benedek",
                "email": "kissbenedek@hallgato.com"
            },
            {
                "id": 2,
                "nev": "Nagy Andrea",
                "email": "nagyandrea@hallgato.com"
            },
            {
                "id": 3,
                "nev": "Szabo Lilla",
                "email": "szabolilla@hallgato.com"
            }
        ],
        "max_letszam": 10
    },
    {
        "id": 3,
        "nev": "Teszta",
        "tipus": "ea",
        "evfolyam": 3,
        "nap_idopont": "hetfo_13:00",
        "helyszin": "A epulet 123",
        "oktato": {
            "nev": "Szabo Jozsef",
            "email": "szabojozsef@tanfolyam.com"
        },
        "hallgatok": [
            {
                "id": 12,
                "nev": "Kovacs Anna",
                "email": "kovacsanna@hallgato.com"
            },
            {
                "id": 18,
                "nev": "Toth Janos",
                "email": "tothjanos@hallgato.com"
            },
            {
                "id": 19,
                "nev": "Kis Ferenc",
                "email": "kisferenc@hallgato.com"
            },
            {
                "id": 20,
                "nev": "Meszaros Laszlo",
                "email": "meszaroslaszlo@hallgato.com"
            },
            {
                "id": 21,
                "nev": "Nemeth Eva",
                "email": "nemetheva@hallgato.com"
            },
            {
                "id": 22,
                "nev": "Fekete Szilvia",
                "email": "feketeszilvia@hallgato.com"
            },
            {
                "id": 23,
                "nev": "Horvath Balint",
                "email": "horvathbalint@hallgato.com"
            },
            {
                "id": 1,
                "nev": "Kiss Benedek",
                "email": "kissbenedek@hallgato.com"
            },
            {
                "id": 2,
                "nev": "Nagy Andrea",
                "email": "nagyandrea@hallgato.com"
            },
            {
                "id": 3,
                "nev": "Szabo Lilla",
                "email": "szabolilla@hallgato.com"
            },
            {
                "id": 15,
                "nev": "Benedek Nora",
                "email": "benedeknora@hallgato.com"
            }
        ],
        "max_letszam": 50
    }
]
