[
    {
        "id": 1,
        "nev": "Salatak",
        "tipus": "ea",
        "evfolyam": 1,
        "nap_idopont": "szerda_10:00",
        "helyszin": "A epulet 101",
        "oktato": {
            "nev": "Kovacs Antal",
            "email": "koan@tanfolyam.com"
        },
        "hallgatok": [
            {
                "id": 1,
                "nev": "Kiss Benedek",
                "email": "kissbenedek@hallgato.com"
            },
            {
                "id": 2,
                "nev": "Nagy Andrea",
                "email": "nagyandrea@hallgato.com"
            }
        ],
        "max_letszam": 25
    },
    {
        "id": 2,
        "nev": "G\u00e9p\u00e9szet",
        "tipus": "Ea",
        "evfolyam": 2,
        "nap_idopont": "Szerda-10AM",
        "helyszin": "Valahol",
        "oktato": {
            "nev": "Mister Rich",
            "email": "sssss@eamil.com"
        },
        "hallgatok": [
            {
                "id": 3,
                "nev": "B.B.",
                "email": "b.b.@dotdot.hu"
            }
        ],
        "max_letszam": 4
    }
]