{
    "Users": [
        {
            "id": 1,
            "name": "Banános Joe",
            "email": "bjoe@redneckcity.com"
        },
        {
            "id": 2,
            "name": "Almás Anna",
            "email": "anna@fruitworld.com"
        },
        {
            "id": 3,
            "name": "Körtés Károly",
            "email": "karoly@pearparadise.com"
        },
        {
            "id": 0,
            "name": "teszt",
            "email": "user@example.com"
        },
        {
            "id": 1000,
            "name": "teeeeszt",
            "email": "user@example.com"
        },
        {
            "id": 7,
            "name": "Teszt",
            "email": "teszt@eu.com"
        }
    ],
    "Baskets": [
        {
            "id": 101,
            "user_id": 1,
            "items": [
                {
                    "item_id": 202,
                    "name": "Körte",
                    "brand": "Vilmos",
                    "price": 12.49,
                    "quantity": 1
                },
                {
                    "item_id": 500,
                    "name": "Torta",
                    "brand": "Suzuki",
                    "price": 1000.0,
                    "quantity": 1
                },
                {
                    "item_id": 5000,
                    "name": "Torta",
                    "brand": "Suzuki",
                    "price": 1000.0,
                    "quantity": 1
                }
            ]
        },
        {
            "id": 102,
            "user_id": 2,
            "items": [
                {
                    "item_id": 203,
                    "name": "Banán",
                    "brand": "Chiquita",
                    "price": 5.99,
                    "quantity": 6
                },
                {
                    "item_id": 204,
                    "name": "Narancs",
                    "brand": "Valencia",
                    "price": 8.49,
                    "quantity": 3
                },
                {
                    "item_id": 100,
                    "name": "teszt",
                    "brand": "márka",
                    "price": 10.0,
                    "quantity": 10
                }
            ]
        },
        {
            "id": 103,
            "user_id": 3,
            "items": []
        },
        {
            "id": 100,
            "user_id": 1,
            "items": []
        },
        {
            "id": 700,
            "user_id": 7,
            "items": [
                {
                    "item_id": 98,
                    "name": "Karfiol",
                    "brand": "Kia",
                    "price": 5.0,
                    "quantity": 4
                }
            ]
        }
    ]
}