[
    {
        "id": 1,
        "nev": "Dimat",
        "tipus": "ea",
        "evfolyam": 1,
        "nap_idopont": "szerda_10:00",
        "helyszin": "A epulet 101",
        "oktato": {
            "nev": "Kovacs Antal",
            "email": "koan@tanfolyam.com"
        },
        "hallgatok": [
            {
                "id": 1,
                "nev": "Kiss Benedek",
                "email": "kissbenedek@hallgato.com"
            },
            {
                "id": 2,
                "nev": "Nagy Andrea",
                "email": "nagyandrea@hallgato.com"
            }
        ],
        "max_letszam": 25
    },
    {
        "id": 0,
        "nev": "Analizis",
        "tipus": "gy",
        "evfolyam": 2,
        "nap_idopont": "szerda",
        "helyszin": "bolyai",
        "oktato": {
            "nev": "string",
            "email": "string"
        },
        "hallgatok": [
            {
                "id": 2,
                "nev": "string",
                "email": "string"
            }
        ],
        "max_letszam": 20
    },
    {
        "id": 2,
        "nev": "Konkurens",
        "tipus": "gy",
        "evfolyam": 3,
        "nap_idopont": "kedd",
        "helyszin": "102",
        "oktato": {
            "nev": "string",
            "email": "string"
        },
        "hallgatok": [
            {
                "id": 0,
                "nev": "string",
                "email": "string"
            }
        ],
        "max_letszam": 10
    }
]