[
    {
        "id": 2,
        "nev": "string",
        "tipus": "string",
        "evfolyam": 0,
        "nap_idopont": "string",
        "helyszin": "string",
        "oktato": {
            "nev": "string",
            "email": "string"
        },
        "hallgatok": [
            {
                "id": 0,
                "nev": "string",
                "email": "string"
            }
        ],
        "max_letszam": 0
    },
    {
        "id": 3,
        "nev": "string",
        "tipus": "string",
        "evfolyam": 0,
        "nap_idopont": "string",
        "helyszin": "string",
        "oktato": {
            "nev": "string",
            "email": "string"
        },
        "hallgatok": [
            {
                "id": 0,
                "nev": "string",
                "email": "string"
            }
        ],
        "max_letszam": 0
    },
    {
        "id": 4,
        "nev": "string",
        "tipus": "string",
        "evfolyam": 0,
        "nap_idopont": "string",
        "helyszin": "string",
        "oktato": {
            "nev": "string",
            "email": "string"
        },
        "hallgatok": [
            {
                "id": 0,
                "nev": "string",
                "email": "string"
            }
        ],
        "max_letszam": 0
    },
    {
        "id": 8,
        "nev": "string",
        "tipus": "string",
        "evfolyam": 0,
        "nap_idopont": "string",
        "helyszin": "string",
        "oktato": {
            "nev": "string",
            "email": "string"
        },
        "hallgatok": [
            {
                "id": 1,
                "nev": "string",
                "email": "string"
            }
        ],
        "max_letszam": 0
    }
]