[
    {
        "id": 1,
        "nev": "Salatak",
        "tipus": "ea",
        "evfolyam": 1,
        "nap_idopont": "szerda_10:00",
        "helyszin": "A epulet 101",
        "oktato": {
            "nev": "Kovacs Antal",
            "email": "koan@tanfolyam.com"
        },
        "hallgatok": [
            {
                "id": 1,
                "nev": "Kiss Benedek",
                "email": "kissbenedek@hallgato.com"
            },
            {
                "id": 2,
                "nev": "Nagy Andrea",
                "email": "nagyandrea@hallgato.com"
            }
        ],
        "max_letszam": 25
    },
    {
        "id": 5,
        "nev": "ddd",
        "tipus": "ea",
        "evfolyam": 3,
        "nap_idopont": "pentek_10:15",
        "helyszin": "B epulet 204",
        "oktato": {
            "nev": "Kovacs Janos",
            "email": "kv@gmail.com"
        },
        "hallgatok": [
            {
                "id": 0,
                "nev": "Aa",
                "email": "aa@gmail.com"
            },
            {
                "id": 2,
                "nev": "Nagy Andrea",
                "email": "nagyandrea@hallgato.com"
            }
        ],
        "max_letszam": 10
    },
    {
        "id": 7,
        "nev": "bbbb",
        "tipus": "ea",
        "evfolyam": 3,
        "nap_idopont": "szerda_10:15",
        "helyszin": "B epulet 204",
        "oktato": {
            "nev": "Kovacs Janos",
            "email": "kv@gmail.com"
        },
        "hallgatok": [
            {
                "id": 0,
                "nev": "Aa",
                "email": "aa@gmail.com"
            }
        ],
        "max_letszam": 10
    },

    {
        "id": 8,
        "nev": "dddddbvcxcxcxc",
        "tipus": "gy",
        "evfolyam": 3,
        "nap_idopont": "szerda_10:15",
        "helyszin": "B epulet 204",
        "oktato": {
            "nev": "Kovacs Janos",
            "email": "kv@gmail.com"
        },
        "hallgatok": [
            {
                "id": 0,
                "nev": "Aa",
                "email": "aa@gmail.com"
            }
        ],
        "max_letszam": 10
    }
]