[
    {
        "id": 2,
        "nev": "Sajtk\u00e9sz\u00edt\u0151 m\u0171hely",
        "tipus": "gy",
        "evfolyam": 1,
        "nap_idopont": "h\u00e9tf\u0151_10:00",
        "helyszin": "B_\u00e9p\u00fclet_200",
        "oktato": {
            "nev": "Fond\u00fc_Tam\u00e1s",
            "email": "tamas.fondu@igazitartomany.hu"
        },
        "hallgatok": [
            {
                "id": 56,
                "nev": "Minta J\u00e1nos",
                "email": "ajsido@ioadm.ash"
            }
        ],
        "max_letszam": 8
    }
]