[
    {
        "id": 1,
        "nev": "Salatak",
        "tipus": "ea",
        "evfolyam": 1,
        "nap_idopont": "szerda_10:00",
        "helyszin": "A epulet 101",
        "oktato": {
            "nev": "Kovacs Antal",
            "email": "koan@tanfolyam.com"
        },
        "hallgatok": [
            {
                "id": 1,
                "nev": "Kiss Benedek",
                "email": "kissbenedek@hallgato.com"
            },
            {
                "id": 2,
                "nev": "Nagy Andrea",
                "email": "nagyandrea@hallgato.com"
            }
        ],
        "max_letszam": 25
    },
    {
        "id": 2,
        "nev": "Desszertek",
        "tipus": "gyak",
        "evfolyam": 2,
        "nap_idopont": "csutortok_14:00",
        "helyszin": "B epulet 202",
        "oktato": {
            "nev": "Varga Katalin",
            "email": "vkat@tanfolyam.com"
        },
        "hallgatok": [
            {
                "id": 3,
                "nev": "Szabo Peter",
                "email": "szabopeter@hallgato.com"
            },
            {
                "id": 4,
                "nev": "Toth Emese",
                "email": "tothemese@hallgato.com"
            },
            {
                "id": 5,
                "nev": "Farkas Erika",
                "email": "farkaserika@hallgato.com"
            }
        ],
        "max_letszam": 20
    },
    {
        "id": 3,
        "nev": "Sultek",
        "tipus": "ea",
        "evfolyam": 3,
        "nap_idopont": "hetfo_08:30",
        "helyszin": "C epulet 303",
        "oktato": {
            "nev": "Nagy Zoltan",
            "email": "nzoltan@tanfolyam.com"
        },
        "hallgatok": [
            {
                "id": 5,
                "nev": "Farkas Erika",
                "email": "farkaserika@hallgato.com"
            }
        ],
        "max_letszam": 30
    },
    {
        "id": 4,
        "nev": "Levesek",
        "tipus": "gyak",
        "evfolyam": 1,
        "nap_idopont": "pentek_11:00",
        "helyszin": "D epulet 105",
        "oktato": {
            "nev": "Horvath Lajos",
            "email": "hla@tanfolyam.com"
        },
        "hallgatok": [],
        "max_letszam": 15
    },
    {
        "id": 5,
        "nev": "Martasok",
        "tipus": "ea",
        "evfolyam": 3,
        "nap_idopont": "szerda_15:44",
        "helyszin": "A epulet 202",
        "oktato": {
            "nev": "Gipsz Jakab",
            "email": "gipszjakab@inf.elte.email.hu"
        },
        "hallgatok": [
            {
                "id": 1,
                "nev": "Kiss Benedek",
                "email": "kissbenedek@hallgato.com"
            },
            {
                "id": 2,
                "nev": "Nagy Andrea",
                "email": "nagyandrea@hallgato.com"
            }
        ],
        "max_letszam": 25
    }
]
