[
    {
        "id": 1,
        "nev": "Salatak",
        "tipus": "ea",
        "evfolyam": 1,
        "nap_idopont": "szerda_10:00",
        "helyszin": "A epulet 101",
        "oktato": {
            "nev": "Kovacs Antal",
            "email": "koan@tanfolyam.com"
        },
        "hallgatok": [
            {
                "id": 1,
                "nev": "Kiss Benedek",
                "email": "kissbenedek@hallgato.com"
            },
            {
                "id": 2,
                "nev": "Nagy Andrea",
                "email": "nagyandrea@hallgato.com"
            }
        ],
        "max_letszam": 25
    },
    {
        "id": 2,
        "nev": "Levesek",
        "tipus": "gyak",
        "evfolyam": 1,
        "nap_idopont": "kedd_8:00",
        "helyszin": "C epulet 0.822",
        "oktato": {
            "nev": "Béles István",
            "email": "beles.istvan@tanfolyam.com"
        },
        "hallgatok": [
            {
                "id": 2,
                "nev": "Nagy Andrea",
                "email": "nagyandrea@hallgato.com"
            },
            {
                "id": 3,
                "nev": "Er\u0151s Pista",
                "email": "eros.pista@hallgato.com"
            }
        ],
        "max_letszam": 20
    }
]