{
  "Users": [
    {
      "id": 1,
      "name": "Banános Joe",
      "email": "bjoe@redneckcity.com"
    },
    {
      "id": 2,
      "name": "Almás Anna",
      "email": "anna@fruitworld.com"
    },
    {
      "id": 3,
      "name": "Körtés Károly",
      "email": "karoly@pearparadise.com"
    },
    {
      "id": 0,
      "name": "string",
      "email": "user@example.com"
    },
    {
      "id": 10,
      "name": "Béla",
      "email": "bela@example.com"
    }
  ],
  "Baskets": [
    {
      "id": 101,
      "user_id": 1,
      "items": [
        {
          "item_id": 201,
          "name": "Alma",
          "brand": "Jonatán",
          "price": 9.99,
          "quantity": 2
        },
        {
          "item_id": 202,
          "name": "Körte",
          "brand": "Vilmos",
          "price": 12.49,
          "quantity": 1
        }
      ]
    },
    {
      "id": 102,
      "user_id": 2,
      "items": [
        {
          "item_id": 203,
          "name": "Banán",
          "brand": "Chiquita",
          "price": 5.99,
          "quantity": 6
        },
        {
          "item_id": 204,
          "name": "Narancs",
          "brand": "Valencia",
          "price": 8.49,
          "quantity": 3
        }
      ]
    },
    {
      "id": 103,
      "user_id": 3,
      "items": []
    },
    {
      "id": 104,
      "user_id": 10,
      "items": [
        {
          "item_id": 0,
          "name": "Alma",
          "brand": "Jonatán",
          "price": 10.2,
          "quantity": 10
        },
        {
          "item_id": 0,
          "name": "Alma",
          "brand": "Jonatán",
          "price": 10.2,
          "quantity": 10
        }
      ]
    }
  ]
}