[
    {
        "id": 1,
        "nev": "Salatak",
        "tipus": "ea",
        "evfolyam": 1,
        "nap_idopont": "szerda_10:00",
        "helyszin": "A epulet 101",
        "oktato": {
            "nev": "Kovacs Antal",
            "email": "koan@tanfolyam.com"
        },
        "hallgatok": [
            {
                "id": 1,
                "nev": "Kiss Benedek",
                "email": "kissbenedek@hallgato.com"
            },
            {
                "id": 2,
                "nev": "Nagy Andrea",
                "email": "nagyandrea@hallgato.com"
            }
        ],
        "max_letszam": 25
    },
    {
        "id": 2,
        "nev": "Levesek",
        "tipus": "gyak",
        "evfolyam": 1,
        "nap_idopont": "szerda_08:30",
        "helyszin": "B epulet 107",
        "oktato": {
            "nev": "Kovacs Antal",
            "email": "koan@tanfolyam.com"
        },
        "hallgatok": [
            {
                "id": 1,
                "nev": "Kiss Benedek",
                "email": "kissbenedek@hallgato.com"
            },
            {
                "id": 2,
                "nev": "Nagy Andrea",
                "email": "nagyandrea@hallgato.com"
            }
        ],
        "max_letszam": 15
    },
    {
        "id": 3,
        "nev": "Sultek",
        "tipus": "ea",
        "evfolyam": 2,
        "nap_idopont": "pentek_12:15",
        "helyszin": "A epulet 102",
        "oktato": {
            "nev": "Szender Tamas",
            "email": "szT@tanfolyam.com"
        },
        "hallgatok": [
            {
                "id": 3,
                "nev": "Nagy Nora",
                "email": "nagynora@hallgato.com"
            }
        ],
        "max_letszam": 25
    }
]